Cluster Number, Weight Method, Reference Weight (factor 2), File Weight, Function Weight, Distance Function, Closest Centroids Init, Precision, Recall, Fmeasure, AdjustedPrecision, AverageClusterPrecision, AverageClusterRecall, AverageClusterAdjustedPrecision, MojoFM, SilhuetteIndex, NonExtremityClusterDistributionL5U100, IntraSimilarityReg1.0, IntraSimilarityReg2.0, IntraSimilarityReg3.0, IntraSimilarityReg4.0, IntraSimilarityReg5.0, IntraInterDistanceIntra1.0Inter1.0, AverageClusterIntraInterDistanceIntra1.0Inter1.0, Time Taken(ms), 
31, TermFrequencyInverseDocumentFrequencyWeight, 0.0, 0, 0, CosineDistance, 1, 0.21447806, 0.19932283, 0.20662291, 0.41139138, 0.5743846, 0.45486325, 0.8180033, 50.802135, -0.008236574, 0.93654823, 0.997123, 0.99425507, 0.991396, 0.98854613, 0.9857056, -0.006657855, -0.007866594, 82, 
31, TermFrequencyInverseDocumentFrequencyWeight, 0.0, 0, 0, CosineDistance, 2, 0.19361098, 0.19093184, 0.19226208, 0.40822557, 0.5851832, 0.46413285, 0.8056645, 51.60428, -0.011094349, 0.70304567, 0.99700654, 0.99402285, 0.991049, 0.98808527, 0.9851314, -0.0065243132, -0.008045467, 62, 
31, TermFrequencyInverseDocumentFrequencyWeight, 0.0, 0, 0, CosineDistance, 3, 0.20458801, 0.19299279, 0.19862132, 0.40720695, 0.57126105, 0.4641891, 0.81171227, 51.336895, -0.009623927, 0.9492386, 0.99705285, 0.9941155, 0.9911876, 0.9882696, 0.9853613, -0.0065852334, -0.0082534775, 73, 
31, TermFrequencyInverseDocumentFrequencyWeight, 0.0, 0, 1, CosineDistance, 1, 0.19830346, 0.18239364, 0.1900161, 0.39045936, 0.5553079, 0.44232115, 0.802212, 52.673794, -0.004482968, 0.9593909, 0.9969109, 0.99383193, 0.99076337, 0.9877052, 0.9846568, -0.0062406114, -0.007554788, 65, 
31, TermFrequencyInverseDocumentFrequencyWeight, 0.0, 0, 1, CosineDistance, 2, 0.19589774, 0.19402327, 0.194956, 0.39045173, 0.5664657, 0.47102055, 0.8156848, 53.743317, -0.008867575, 0.7182741, 0.9969336, 0.9938777, 0.9908321, 0.98779696, 0.98477185, -0.0062333257, -0.007572319, 56, 
31, TermFrequencyInverseDocumentFrequencyWeight, 0.0, 0, 1, CosineDistance, 3, 0.19475494, 0.20005888, 0.19737127, 0.41096225, 0.5200017, 0.44113815, 0.7830827, 51.336895, -0.011682679, 0.680203, 0.99689287, 0.99379647, 0.99071103, 0.98763645, 0.98457247, -0.0061102766, -0.007669187, 66, 
31, TermFrequencyInverseDocumentFrequencyWeight, 0.0, 0, 2, CosineDistance, 1, 0.198587, 0.190343, 0.19437762, 0.39085945, 0.5627582, 0.4151713, 0.79896355, 52.941177, -0.010117322, 0.71319795, 0.9968813, 0.99377316, 0.99067575, 0.98758894, 0.98451245, -0.0059037716, -0.007243221, 81, 
31, TermFrequencyInverseDocumentFrequencyWeight, 0.0, 0, 2, CosineDistance, 2, 0.19604261, 0.18960695, 0.19277109, 0.38915372, 0.50959074, 0.42992014, 0.7772729, 47.593582, -0.008103121, 0.9390863, 0.9968446, 0.99370027, 0.990567, 0.9874448, 0.9843336, -0.0059301355, -0.0074075595, 91, 
31, TermFrequencyInverseDocumentFrequencyWeight, 0.0, 0, 2, CosineDistance, 3, 0.19459459, 0.19078463, 0.19267078, 0.40129018, 0.5499953, 0.44903085, 0.77993286, 51.336895, -0.008077604, 0.6954315, 0.99693054, 0.99387217, 0.99082434, 0.98778725, 0.9847607, -0.005870491, -0.0076429746, 64, 
31, TermFrequencyInverseDocumentFrequencyWeight, 0.0, 1, 0, CosineDistance, 1, 0.21762562, 0.20211983, 0.20958632, 0.41472724, 0.5600603, 0.46107894, 0.80154926, 51.069523, -0.0076700794, 0.93147206, 0.997079, 0.99416745, 0.9912652, 0.9883725, 0.98548883, -0.006486691, -0.007574434, 72, 
31, TermFrequencyInverseDocumentFrequencyWeight, 0.0, 1, 0, CosineDistance, 2, 0.2133979, 0.1946121, 0.20357254, 0.41668165, 0.57526785, 0.46387607, 0.80464196, 52.406418, -0.011896045, 0.9543147, 0.9970199, 0.9940497, 0.99108964, 0.9881397, 0.9851996, -0.006390138, -0.007860357, 63, 
31, TermFrequencyInverseDocumentFrequencyWeight, 0.0, 1, 0, CosineDistance, 3, 0.20474684, 0.19049022, 0.1973614, 0.41047463, 0.54812604, 0.4230666, 0.8010619, 50.802135, -0.008600171, 0.93147206, 0.99702495, 0.9940599, 0.99110484, 0.9881598, 0.98522437, -0.0063908277, -0.0081203375, 82, 
31, TermFrequencyInverseDocumentFrequencyWeight, 0.0, 1, 1, CosineDistance, 1, 0.18896033, 0.17738849, 0.18299165, 0.38006553, 0.53818744, 0.4367068, 0.8022421, 50.53476, -0.005895273, 0.9670051, 0.99692637, 0.9938629, 0.9908095, 0.9877663, 0.9847329, -0.00611897, -0.0074366024, 63, 
31, TermFrequencyInverseDocumentFrequencyWeight, 0.0, 1, 1, CosineDistance, 2, 0.22752854, 0.20830266, 0.21749155, 0.4119411, 0.5406369, 0.4403246, 0.7986951, 53.743317, -0.005603206, 0.9670051, 0.9969649, 0.9939397, 0.99092466, 0.9879197, 0.9849249, -0.0061126444, -0.0073903063, 93, 
31, TermFrequencyInverseDocumentFrequencyWeight, 0.0, 1, 1, CosineDistance, 3, 0.19880864, 0.19652584, 0.19766064, 0.40688407, 0.5264433, 0.43972433, 0.78122413, 50.802135, -0.0106722815, 0.6928934, 0.9969162, 0.9938432, 0.9907808, 0.987729, 0.98468834, -0.006034598, -0.007619567, 82, 
31, TermFrequencyInverseDocumentFrequencyWeight, 0.0, 1, 2, CosineDistance, 1, 0.19283995, 0.18872368, 0.19075963, 0.37222856, 0.5605925, 0.4380727, 0.8038264, 51.87166, -0.008401514, 0.7106599, 0.9969337, 0.99387765, 0.99083203, 0.9877966, 0.9847711, -0.0058475966, -0.007165958, 55, 
31, TermFrequencyInverseDocumentFrequencyWeight, 0.0, 1, 2, CosineDistance, 2, 0.20153467, 0.20491682, 0.20321168, 0.39348626, 0.5491406, 0.4503756, 0.78976256, 50.802135, -0.008535989, 0.6725888, 0.99691695, 0.99384445, 0.9907823, 0.9877309, 0.9846898, -0.005795193, -0.0073960954, 63, 
31, TermFrequencyInverseDocumentFrequencyWeight, 0.0, 1, 2, CosineDistance, 3, 0.20748712, 0.201531, 0.2044657, 0.39013353, 0.5702739, 0.47660786, 0.79869676, 54.278076, -0.006479895, 0.70304567, 0.99689865, 0.993808, 0.9907278, 0.9876579, 0.98459846, -0.005804192, -0.007303267, 63, 
31, TermFrequencyInverseDocumentFrequencyWeight, 0.0, 2, 0, CosineDistance, 1, 0.23247778, 0.20800824, 0.21956336, 0.4272029, 0.54400337, 0.4450295, 0.80416614, 51.336895, -0.0077992086, 0.9187817, 0.9970939, 0.9941973, 0.9913101, 0.9884322, 0.98556364, -0.0062727784, -0.0073926016, 81, 
31, TermFrequencyInverseDocumentFrequencyWeight, 0.0, 2, 0, CosineDistance, 2, 0.22658126, 0.20830266, 0.21705782, 0.4325372, 0.5159099, 0.42329252, 0.7831277, 52.139038, -0.0067570144, 0.9593909, 0.9970793, 0.99416834, 0.99126697, 0.9883757, 0.98549354, -0.006245189, -0.0075123953, 81, 
31, TermFrequencyInverseDocumentFrequencyWeight, 0.0, 2, 0, CosineDistance, 3, 0.19142419, 0.18401295, 0.18764542, 0.4132781, 0.5873456, 0.44126287, 0.81652015, 51.336895, -0.00629048, 0.9568528, 0.9971776, 0.9943643, 0.99156004, 0.9887647, 0.9859784, -0.006159291, -0.008026075, 73, 
31, TermFrequencyInverseDocumentFrequencyWeight, 0.0, 2, 1, CosineDistance, 1, 0.19023219, 0.17488591, 0.18223654, 0.38701642, 0.54733044, 0.44456092, 0.796349, 50.26738, -0.0068096896, 0.9670051, 0.99697506, 0.9939598, 0.99095494, 0.98795974, 0.9849748, -0.0059958156, -0.0073489477, 55, 
31, TermFrequencyInverseDocumentFrequencyWeight, 0.0, 2, 1, CosineDistance, 2, 0.22150856, 0.19799794, 0.20909446, 0.415392, 0.53033835, 0.4798416, 0.79020697, 52.406418, -0.0043023345, 0.9543147, 0.9969749, 0.9939596, 0.9909546, 0.98795956, 0.9849745, -0.006011773, -0.007244243, 65, 
31, TermFrequencyInverseDocumentFrequencyWeight, 0.0, 2, 1, CosineDistance, 3, 0.19717668, 0.19122626, 0.19415589, 0.40516725, 0.52223283, 0.41859266, 0.77401733, 50.26738, -0.0056231422, 0.6954315, 0.99687374, 0.99375826, 0.99065334, 0.9875592, 0.98447573, -0.0059042764, -0.0075382614, 84, 
31, TermFrequencyInverseDocumentFrequencyWeight, 0.0, 2, 2, CosineDistance, 1, 0.18592593, 0.184749, 0.1853356, 0.3719337, 0.5705546, 0.43470848, 0.8058874, 51.60428, -0.0069983234, 0.69796956, 0.99692506, 0.9938601, 0.9908054, 0.9877607, 0.9847264, -0.005783482, -0.0071922233, 54, 
31, TermFrequencyInverseDocumentFrequencyWeight, 0.0, 2, 2, CosineDistance, 2, 0.20055538, 0.19137347, 0.19585688, 0.3831349, 0.5292405, 0.40771332, 0.7858507, 50.0, -0.010212514, 0.9467005, 0.9968308, 0.99367285, 0.99052656, 0.9873912, 0.98426706, -0.0056507853, -0.0071428264, 63, 
31, TermFrequencyInverseDocumentFrequencyWeight, 0.0, 2, 2, CosineDistance, 3, 0.1806729, 0.17944944, 0.18005909, 0.38756898, 0.5968444, 0.43732005, 0.8162905, 52.139038, -0.014529011, 0.6954315, 0.9968826, 0.99377596, 0.9906803, 0.9875952, 0.9845211, -0.00568129, -0.007475926, 81, 
31, TermFrequencyInverseDocumentFrequencyWeight, 0.25, 0, 0, CosineDistance, 1, 0.23709002, 0.20005888, 0.21700598, 0.41708338, 0.5358357, 0.43100575, 0.8002009, 51.069523, -0.009662823, 0.9670051, 0.9970282, 0.99406606, 0.9911139, 0.98817146, 0.98523873, -0.0065482026, -0.0075296117, 63, 
31, TermFrequencyInverseDocumentFrequencyWeight, 0.25, 0, 0, CosineDistance, 2, 0.21024168, 0.1831297, 0.19575137, 0.40381932, 0.5963172, 0.4577313, 0.8216789, 51.87166, -0.011299158, 0.9543147, 0.99695927, 0.99392885, 0.99090856, 0.98789835, 0.98489827, -0.006504343, -0.0077858325, 63, 
31, TermFrequencyInverseDocumentFrequencyWeight, 0.25, 0, 0, CosineDistance, 3, 0.1968315, 0.18106875, 0.18862137, 0.40207875, 0.5774569, 0.44810963, 0.81537926, 51.60428, -0.008324662, 0.9467005, 0.9970183, 0.994047, 0.9910851, 0.9881336, 0.98519176, -0.0064756223, -0.008239454, 72, 
31, TermFrequencyInverseDocumentFrequencyWeight, 0.25, 0, 1, CosineDistance, 1, 0.20744433, 0.1960842, 0.20160438, 0.3966495, 0.5805155, 0.45667952, 0.81962407, 51.60428, -0.0078815045, 0.96954316, 0.99694, 0.99389046, 0.990851, 0.987822, 0.98480296, -0.0061737066, -0.007232778, 91, 
31, TermFrequencyInverseDocumentFrequencyWeight, 0.25, 0, 1, CosineDistance, 2, 0.21516205, 0.17297217, 0.1917741, 0.41306403, 0.5589192, 0.42174155, 0.7887386, 50.53476, -0.006587424, 0.97461927, 0.9968486, 0.9937081, 0.9905787, 0.9874605, 0.9843532, -0.0060866247, -0.007474808, 72, 
31, TermFrequencyInverseDocumentFrequencyWeight, 0.25, 0, 1, CosineDistance, 3, 0.21997836, 0.17959665, 0.19774699, 0.41537577, 0.5973684, 0.43998396, 0.8042616, 54.54545, -0.011701999, 0.98730963, 0.9968612, 0.99373347, 0.99061644, 0.98751026, 0.984415, -0.0061600837, -0.0075654206, 73, 
31, TermFrequencyInverseDocumentFrequencyWeight, 0.25, 0, 2, CosineDistance, 1, 0.2411551, 0.18563227, 0.20978206, 0.4181648, 0.5622132, 0.42384467, 0.77894163, 51.87166, -0.010238793, 0.96954316, 0.99682593, 0.9936629, 0.99051076, 0.98736966, 0.9842392, -0.005893824, -0.007060298, 63, 
31, TermFrequencyInverseDocumentFrequencyWeight, 0.25, 0, 2, CosineDistance, 2, 0.2548096, 0.19107905, 0.21838984, 0.43732527, 0.5355807, 0.44663742, 0.7838857, 52.139038, -0.0045492286, 0.9467005, 0.99689174, 0.9937941, 0.9907073, 0.987631, 0.9845651, -0.005947761, -0.0072583556, 81, 
31, TermFrequencyInverseDocumentFrequencyWeight, 0.25, 0, 2, CosineDistance, 3, 0.22442643, 0.19152068, 0.20667197, 0.43862414, 0.5582023, 0.45485654, 0.7984732, 52.673794, -0.005083876, 0.9467005, 0.99692327, 0.99385715, 0.9908014, 0.98775625, 0.98472124, -0.00588595, -0.0072924066, 81, 
31, TermFrequencyInverseDocumentFrequencyWeight, 0.25, 1, 0, CosineDistance, 1, 0.22385594, 0.19947004, 0.21096061, 0.40581504, 0.55511135, 0.45259348, 0.8111612, 51.60428, -0.008340092, 0.9543147, 0.9971382, 0.99428535, 0.9914415, 0.9886071, 0.98578113, -0.006379885, -0.007588811, 73, 
31, TermFrequencyInverseDocumentFrequencyWeight, 0.25, 1, 0, CosineDistance, 2, 0.21673669, 0.18224643, 0.19800079, 0.41404566, 0.58079535, 0.4503917, 0.8202443, 51.60428, -0.008980439, 0.97715735, 0.9970435, 0.9940967, 0.99115956, 0.9882322, 0.9853145, -0.0063962843, -0.0077034226, 63, 
31, TermFrequencyInverseDocumentFrequencyWeight, 0.25, 1, 0, CosineDistance, 3, 0.1932661, 0.19181511, 0.19253787, 0.4067263, 0.5951405, 0.43531087, 0.81985784, 51.069523, -0.008027647, 0.6751269, 0.99702775, 0.99406534, 0.991113, 0.98817056, 0.98523784, -0.006282249, -0.007951173, 55, 
31, TermFrequencyInverseDocumentFrequencyWeight, 0.25, 1, 1, CosineDistance, 1, 0.2188348, 0.20182541, 0.20998622, 0.40110806, 0.55678874, 0.44536582, 0.81391084, 52.139038, -0.007544549, 0.9492386, 0.99691236, 0.99383533, 0.9907688, 0.98771274, 0.98466706, -0.0060596582, -0.0071547385, 63, 
31, TermFrequencyInverseDocumentFrequencyWeight, 0.25, 1, 1, CosineDistance, 2, 0.19832312, 0.18106875, 0.18930358, 0.39394248, 0.5601314, 0.4424932, 0.7916561, 50.802135, -0.008775871, 0.96192896, 0.99693805, 0.99388665, 0.9908458, 0.987815, 0.9847947, -0.005952827, -0.0075076115, 72, 
31, TermFrequencyInverseDocumentFrequencyWeight, 0.25, 1, 1, CosineDistance, 3, 0.18329363, 0.18121596, 0.18224888, 0.38930905, 0.58164626, 0.44129273, 0.80879873, 52.406418, -0.013975338, 0.70558375, 0.9969592, 0.99392873, 0.99090844, 0.98789805, 0.9848981, -0.0059104646, -0.0076226755, 63, 
31, TermFrequencyInverseDocumentFrequencyWeight, 0.25, 1, 2, CosineDistance, 1, 0.2489334, 0.1975563, 0.2202889, 0.423857, 0.56622094, 0.40811703, 0.80155814, 53.743317, -0.011541551, 0.964467, 0.99682856, 0.9936681, 0.9905186, 0.98737997, 0.98425215, -0.0058908677, -0.007045312, 76, 
31, TermFrequencyInverseDocumentFrequencyWeight, 0.25, 1, 2, CosineDistance, 2, 0.25009862, 0.18666275, 0.2137739, 0.43981802, 0.5266438, 0.43974608, 0.780426, 50.53476, -0.0069647096, 0.9492386, 0.99682915, 0.9936692, 0.99052024, 0.9873827, 0.984256, -0.005926114, -0.007133696, 81, 
31, TermFrequencyInverseDocumentFrequencyWeight, 0.25, 1, 2, CosineDistance, 3, 0.2539946, 0.18018548, 0.2108164, 0.47504613, 0.5344061, 0.43527874, 0.77178913, 50.26738, -0.008001456, 0.9593909, 0.9968568, 0.9937246, 0.99060327, 0.9874928, 0.9843933, -0.0058818124, -0.0071405345, 81, 
31, TermFrequencyInverseDocumentFrequencyWeight, 0.25, 2, 0, CosineDistance, 1, 0.23625557, 0.21065803, 0.22272374, 0.419867, 0.5403351, 0.45985058, 0.80647135, 51.60428, -0.006140585, 0.9543147, 0.9971463, 0.9943017, 0.9914658, 0.98863924, 0.98582137, -0.0062231063, -0.007370102, 73, 
31, TermFrequencyInverseDocumentFrequencyWeight, 0.25, 2, 0, CosineDistance, 2, 0.2303431, 0.18975416, 0.20808783, 0.42290393, 0.54427856, 0.4419205, 0.8002964, 50.53476, -0.0035503353, 0.97461927, 0.9968699, 0.9937511, 0.9906426, 0.98754513, 0.9844584, -0.006210632, -0.00721503, 64, 
31, TermFrequencyInverseDocumentFrequencyWeight, 0.25, 2, 0, CosineDistance, 3, 0.1924452, 0.18224643, 0.18720703, 0.41166967, 0.6221625, 0.43965846, 0.8292808, 50.802135, -0.005115297, 0.96192896, 0.99720424, 0.99441785, 0.9916401, 0.9888717, 0.9861119, -0.006102253, -0.00790189, 64, 
31, TermFrequencyInverseDocumentFrequencyWeight, 0.25, 2, 1, CosineDistance, 1, 0.21408091, 0.19785073, 0.2056461, 0.39916256, 0.5585666, 0.4427504, 0.80913985, 50.26738, -0.009279879, 0.9441624, 0.9969152, 0.993841, 0.99077725, 0.9877241, 0.9846814, -0.0059480406, -0.0070212893, 91, 
31, TermFrequencyInverseDocumentFrequencyWeight, 0.25, 2, 1, CosineDistance, 2, 0.21822071, 0.18018548, 0.1973875, 0.41366124, 0.50061363, 0.43748197, 0.7728346, 49.46524, -0.0068906625, 0.9593909, 0.9968054, 0.9936221, 0.9904504, 0.9872898, 0.98414034, -0.0059429654, -0.006993331, 54, 
31, TermFrequencyInverseDocumentFrequencyWeight, 0.25, 2, 1, CosineDistance, 3, 0.21881156, 0.19623141, 0.20690726, 0.41752896, 0.5677518, 0.44392693, 0.79584146, 55.08021, -0.0067216316, 0.96954316, 0.99695635, 0.9939232, 0.99090004, 0.98788714, 0.98488444, -0.005948204, -0.007215443, 64, 
31, TermFrequencyInverseDocumentFrequencyWeight, 0.25, 2, 2, CosineDistance, 1, 0.24103737, 0.1860739, 0.2100191, 0.42265612, 0.53258437, 0.44560412, 0.7772929, 51.87166, -0.0064026304, 0.96954316, 0.99683434, 0.99367964, 0.9905356, 0.9874023, 0.98427993, -0.0058357357, -0.0068638683, 72, 
31, TermFrequencyInverseDocumentFrequencyWeight, 0.25, 2, 2, CosineDistance, 2, 0.22065644, 0.18209922, 0.19953221, 0.41191727, 0.5251602, 0.4525909, 0.77792484, 50.26738, -0.007181263, 0.97208124, 0.9968668, 0.9937445, 0.9906327, 0.9875317, 0.98444164, -0.0057422468, -0.006939853, 54, 
31, TermFrequencyInverseDocumentFrequencyWeight, 0.25, 2, 2, CosineDistance, 3, 0.2336977, 0.18254085, 0.20497562, 0.4335142, 0.55180377, 0.44047183, 0.78594214, 50.53476, -0.0126053225, 0.9517766, 0.99692255, 0.9938554, 0.99079895, 0.98775285, 0.98471713, -0.0057681035, -0.0072073285, 72, 
31, TermFrequencyInverseDocumentFrequencyWeight, 0.5, 0, 0, CosineDistance, 1, 0.35471237, 0.21330781, 0.26640928, 0.5489489, 0.46277803, 0.37191007, 0.7489344, 51.60428, -0.008277383, 0.9492386, 0.99676645, 0.9935448, 0.9903349, 0.98713684, 0.9839503, -0.006756655, -0.0072490755, 56, 
31, TermFrequencyInverseDocumentFrequencyWeight, 0.5, 0, 0, CosineDistance, 2, 0.29365483, 0.17032239, 0.21559677, 0.5061124, 0.5409804, 0.40523842, 0.7845525, 53.208553, -0.00581367, 0.97969544, 0.9968869, 0.9937851, 0.99069357, 0.98761296, 0.9845429, -0.0066674226, -0.0077346517, 64, 
31, TermFrequencyInverseDocumentFrequencyWeight, 0.5, 0, 0, CosineDistance, 3, 0.2526643, 0.1675254, 0.20146942, 0.45625263, 0.5864604, 0.3714753, 0.8117738, 51.87166, -0.0122490525, 0.9670051, 0.99693495, 0.99388087, 0.9908375, 0.9878048, 0.9847827, -0.0065240622, -0.008171576, 72, 
31, TermFrequencyInverseDocumentFrequencyWeight, 0.5, 0, 1, CosineDistance, 1, 0.40325972, 0.22582069, 0.28951588, 0.5898161, 0.47877523, 0.38712648, 0.7351838, 54.54545, -0.0057436773, 0.93401015, 0.99660665, 0.99322593, 0.9898581, 0.9865023, 0.9831596, -0.006372812, -0.0066941692, 81, 
31, TermFrequencyInverseDocumentFrequencyWeight, 0.5, 0, 1, CosineDistance, 2, 0.32943678, 0.18254085, 0.23491523, 0.5336717, 0.5465496, 0.3981534, 0.780456, 55.61497, -0.0018233506, 0.96954316, 0.9967981, 0.9936074, 0.9904278, 0.9872591, 0.98410165, -0.0063632443, -0.0072907163, 72, 
31, TermFrequencyInverseDocumentFrequencyWeight, 0.5, 0, 1, CosineDistance, 3, 0.29953918, 0.1818048, 0.22627336, 0.48546976, 0.5500757, 0.40381843, 0.7862133, 54.278076, -0.008171896, 0.96954316, 0.99671775, 0.99344766, 0.9901899, 0.9869444, 0.9837109, -0.006213244, -0.0072878827, 67, 
31, TermFrequencyInverseDocumentFrequencyWeight, 0.5, 0, 2, CosineDistance, 1, 0.38312262, 0.19181511, 0.2556406, 0.57158065, 0.4735278, 0.42870945, 0.74069613, 54.812836, -0.0052281744, 0.94162434, 0.9964683, 0.9929503, 0.9894458, 0.98595446, 0.98247665, -0.0061822664, -0.0065104403, 63, 
31, TermFrequencyInverseDocumentFrequencyWeight, 0.5, 0, 2, CosineDistance, 2, 0.31517607, 0.1831297, 0.23165736, 0.52361566, 0.51914066, 0.39753163, 0.76888824, 52.941177, -0.005933837, 0.9467005, 0.9967657, 0.99354285, 0.99033195, 0.9871323, 0.9839443, -0.0060911663, -0.0070635304, 72, 
31, TermFrequencyInverseDocumentFrequencyWeight, 0.5, 0, 2, CosineDistance, 3, 0.29390064, 0.17591639, 0.22009394, 0.5324538, 0.57761383, 0.41281012, 0.7834269, 54.010696, -0.010581804, 0.9568528, 0.9968716, 0.9937547, 0.9906489, 0.98755455, 0.98447156, -0.005907454, -0.0074760956, 108, 
31, TermFrequencyInverseDocumentFrequencyWeight, 0.5, 1, 0, CosineDistance, 1, 0.4460279, 0.21654645, 0.29154694, 0.6750436, 0.52233374, 0.3719505, 0.75244033, 55.88235, -0.0035588134, 0.9670051, 0.99672544, 0.99346286, 0.9902119, 0.98697305, 0.9837459, -0.006834348, -0.006974405, 63, 
31, TermFrequencyInverseDocumentFrequencyWeight, 0.5, 1, 0, CosineDistance, 2, 0.3724504, 0.19623141, 0.25703818, 0.57077265, 0.49447566, 0.40237063, 0.7608392, 52.406418, -0.0034984008, 0.96954316, 0.9966464, 0.99330544, 0.9899766, 0.9866602, 0.98335594, -0.0067044953, -0.007273171, 81, 
31, TermFrequencyInverseDocumentFrequencyWeight, 0.5, 1, 0, CosineDistance, 3, 0.27040815, 0.17164728, 0.20999548, 0.47951552, 0.5634608, 0.3603841, 0.8007527, 52.139038, -0.008339394, 0.9670051, 0.99688715, 0.9937854, 0.9906943, 0.987614, 0.98454434, -0.006408265, -0.0077156574, 82, 
31, TermFrequencyInverseDocumentFrequencyWeight, 0.5, 1, 1, CosineDistance, 1, 0.42060542, 0.23318122, 0.3000284, 0.60324126, 0.51442873, 0.45738533, 0.76084024, 56.417114, -0.0033475058, 0.9492386, 0.99663025, 0.9932729, 0.989928, 0.98659533, 0.983275, -0.006296347, -0.0066480148, 72, 
31, TermFrequencyInverseDocumentFrequencyWeight, 0.5, 1, 1, CosineDistance, 2, 0.3551959, 0.18416016, 0.24255939, 0.5666946, 0.52343774, 0.3842562, 0.7683866, 55.08021, -0.0013110986, 0.9467005, 0.9967983, 0.9936077, 0.9904283, 0.9872603, 0.98410344, -0.0063733007, -0.0072208643, 91, 
31, TermFrequencyInverseDocumentFrequencyWeight, 0.5, 1, 1, CosineDistance, 3, 0.3265836, 0.18519063, 0.23635508, 0.51405793, 0.5140011, 0.38885984, 0.763039, 52.673794, -0.0073812352, 0.97208124, 0.9965365, 0.9930865, 0.98964953, 0.98622584, 0.9828153, -0.0062212762, -0.006830906, 63, 
31, TermFrequencyInverseDocumentFrequencyWeight, 0.5, 1, 2, CosineDistance, 1, 0.41021022, 0.20108935, 0.26988047, 0.62115276, 0.50145704, 0.3931735, 0.7463679, 56.417114, -0.006615624, 0.9670051, 0.99653614, 0.99308527, 0.9896479, 0.98622334, 0.982812, -0.006143423, -0.006457817, 109, 
31, TermFrequencyInverseDocumentFrequencyWeight, 0.5, 1, 2, CosineDistance, 2, 0.32130718, 0.18092154, 0.23149368, 0.52832514, 0.5169641, 0.38937238, 0.7591305, 53.208553, -0.009326518, 0.9593909, 0.9967011, 0.9934145, 0.9901403, 0.98687786, 0.9836279, -0.0059794383, -0.00695556, 118, 
31, TermFrequencyInverseDocumentFrequencyWeight, 0.5, 1, 2, CosineDistance, 3, 0.28885135, 0.1762108, 0.21889003, 0.5270011, 0.5814341, 0.40338507, 0.7840888, 53.743317, -0.00925964, 0.9593909, 0.99679, 0.99359167, 0.99040556, 0.9872311, 0.98406833, -0.0058468035, -0.0072230645, 99, 
31, TermFrequencyInverseDocumentFrequencyWeight, 0.5, 2, 0, CosineDistance, 1, 0.471084, 0.238628, 0.31678715, 0.67616, 0.51790565, 0.37706923, 0.7539245, 58.556152, -0.0049523916, 0.9670051, 0.99678004, 0.9935719, 0.9903749, 0.9871894, 0.98401517, -0.006607856, -0.006885463, 127, 
31, TermFrequencyInverseDocumentFrequencyWeight, 0.5, 2, 0, CosineDistance, 2, 0.38600057, 0.19564258, 0.25967175, 0.5998112, 0.5071858, 0.37006554, 0.76205856, 53.208553, -0.0019766756, 0.96192896, 0.9966772, 0.9933667, 0.9900683, 0.9867822, 0.9835084, -0.0065798555, -0.0070442464, 81, 
31, TermFrequencyInverseDocumentFrequencyWeight, 0.5, 2, 0, CosineDistance, 3, 0.27226293, 0.1804799, 0.21706799, 0.48382074, 0.5564021, 0.3723883, 0.7799131, 52.673794, -0.0071795313, 0.964467, 0.9648228, 0.96191347, 0.959014, 0.9561249, 0.9532455, -0.0062322244, -0.007957135, 100, 
31, TermFrequencyInverseDocumentFrequencyWeight, 0.5, 2, 1, CosineDistance, 1, 0.46423134, 0.2244958, 0.3026394, 0.65852475, 0.47507453, 0.44351637, 0.7445041, 57.219254, -0.0012615279, 0.9670051, 0.996547, 0.9931067, 0.98967946, 0.9862649, 0.9828632, -0.0063057747, -0.006467117, 81, 
31, TermFrequencyInverseDocumentFrequencyWeight, 0.5, 2, 1, CosineDistance, 2, 0.32692787, 0.19284558, 0.24259259, 0.50986344, 0.52696353, 0.38581175, 0.77263606, 54.278076, -0.004085818, 0.93147206, 0.9968402, 0.9936914, 0.99055374, 0.98742664, 0.9843107, -0.006133738, -0.007277264, 109, 
31, TermFrequencyInverseDocumentFrequencyWeight, 0.5, 2, 1, CosineDistance, 3, 0.30994794, 0.16649492, 0.21662517, 0.5136877, 0.51390606, 0.3624522, 0.7397497, 51.87166, -0.007503501, 0.9593909, 0.9643392, 0.96094996, 0.95757395, 0.95421094, 0.95086086, -0.0060812994, -0.0071026077, 63, 
31, TermFrequencyInverseDocumentFrequencyWeight, 0.5, 2, 2, CosineDistance, 1, 0.3795045, 0.19843957, 0.260609, 0.59387463, 0.46619874, 0.38972178, 0.7262317, 52.941177, -0.0070651015, 0.9670051, 0.9965141, 0.9930415, 0.9895823, 0.98613596, 0.982703, -0.0059644985, -0.006410614, 63, 
31, TermFrequencyInverseDocumentFrequencyWeight, 0.5, 2, 2, CosineDistance, 2, 0.31291085, 0.17518033, 0.22461307, 0.5112547, 0.4962072, 0.4284388, 0.7402543, 50.26738, -0.0077477233, 0.9492386, 0.99662954, 0.99327177, 0.98992676, 0.98659426, 0.9832741, -0.0059519275, -0.0068587167, 99, 
31, TermFrequencyInverseDocumentFrequencyWeight, 0.5, 2, 2, CosineDistance, 3, 0.32573795, 0.18519063, 0.23613328, 0.53843814, 0.5440918, 0.41090104, 0.7795829, 53.743317, -0.004875138, 0.9568528, 0.9966535, 0.9933197, 0.9899981, 0.98668903, 0.9833923, -0.005936044, -0.006842059, 90, 
31, TermFrequencyWeight, 0.0, 0, 0, CosineDistance, 1, 0.512, 0.22611512, 0.31369346, 0.7281695, 0.41053173, 0.24130882, 0.61207134, 54.812836, -0.008826114, 0.97969544, 0.9942267, 0.98848855, 0.9827849, 0.97711575, 0.971481, -0.019953692, -0.01778116, 90, 
31, TermFrequencyWeight, 0.0, 0, 0, CosineDistance, 2, 0.4279492, 0.17356102, 0.24696271, 0.6793243, 0.41708213, 0.22697341, 0.635142, 50.802135, -0.014144444, 0.97461927, 0.9944378, 0.9889091, 0.9834135, 0.97795093, 0.9725211, -0.019635912, -0.019047802, 91, 
31, TermFrequencyWeight, 0.0, 0, 0, CosineDistance, 3, 0.39220014, 0.15692624, 0.2241615, 0.6466443, 0.44995704, 0.20432036, 0.6474148, 50.26738, -0.014391259, 0.964467, 0.99449134, 0.98901594, 0.98357385, 0.9781649, 0.972789, -0.019478029, -0.019507675, 91, 
31, TermFrequencyWeight, 0.0, 0, 1, CosineDistance, 1, 0.4170313, 0.18239364, 0.25378942, 0.66223687, 0.37675613, 0.21991865, 0.6024253, 48.930485, -0.0089195045, 0.97969544, 0.9938291, 0.9876983, 0.98160744, 0.9755559, 0.96954364, -0.020102166, -0.017900988, 54, 
31, TermFrequencyWeight, 0.0, 0, 1, CosineDistance, 2, 0.39067703, 0.15545414, 0.22240943, 0.63179874, 0.39833328, 0.20949858, 0.63018596, 50.53476, -0.007053607, 0.98730963, 0.9942447, 0.9885245, 0.9828397, 0.9771896, 0.9715743, -0.019974696, -0.01930795, 109, 
31, TermFrequencyWeight, 0.0, 0, 1, CosineDistance, 3, 0.3484148, 0.15530694, 0.21484575, 0.62789655, 0.3821021, 0.20338732, 0.619634, 48.39572, -0.012992319, 0.98477155, 0.9941849, 0.98840636, 0.98266387, 0.9769572, 0.9712865, -0.019818943, -0.019401047, 72, 
31, TermFrequencyWeight, 0.0, 0, 2, CosineDistance, 1, 0.42378378, 0.17311938, 0.2458194, 0.6644281, 0.35402742, 0.17994805, 0.604525, 50.0, -0.008235457, 0.98477155, 0.9940795, 0.9881957, 0.98234814, 0.97653705, 0.97076154, -0.019851469, -0.01831928, 63, 
31, TermFrequencyWeight, 0.0, 0, 2, CosineDistance, 2, 0.32799444, 0.13867216, 0.19493017, 0.6236074, 0.38756612, 0.2093427, 0.6184352, 47.058823, -0.008556706, 0.96954316, 0.9941498, 0.98833644, 0.98255944, 0.9768185, 0.9711138, -0.019445479, -0.019194987, 100, 
31, TermFrequencyWeight, 0.0, 0, 2, CosineDistance, 3, 0.35151514, 0.15368763, 0.21386869, 0.6213527, 0.4098285, 0.20047128, 0.6322817, 47.860962, -0.010774769, 0.98477155, 0.99410456, 0.9882461, 0.9824246, 0.9766397, 0.97089136, -0.019584822, -0.019041078, 109, 
31, TermFrequencyWeight, 0.0, 1, 0, CosineDistance, 1, 0.4970646, 0.22434859, 0.30915913, 0.71048886, 0.38783854, 0.20954049, 0.62805206, 52.139038, -0.011190711, 0.9898477, 0.99422604, 0.9884867, 0.9827819, 0.97711134, 0.97147477, -0.019329408, -0.017278448, 72, 
31, TermFrequencyWeight, 0.0, 1, 0, CosineDistance, 2, 0.40994915, 0.1662005, 0.23651409, 0.6675371, 0.43490094, 0.21006694, 0.65432245, 51.069523, -0.009716086, 0.98730963, 0.9944027, 0.9888385, 0.9833077, 0.97781, 0.9723448, -0.019116983, -0.017960526, 118, 
31, TermFrequencyWeight, 0.0, 1, 0, CosineDistance, 3, 0.400288, 0.16369793, 0.2323686, 0.63069224, 0.41672567, 0.23155458, 0.64361554, 49.197857, -0.010511339, 0.9898477, 0.99454796, 0.98912853, 0.98374104, 0.9783856, 0.97306186, -0.018987756, -0.019137729, 109, 
31, TermFrequencyWeight, 0.0, 1, 1, CosineDistance, 1, 0.4401305, 0.19858678, 0.27368632, 0.6716495, 0.36150113, 0.23151198, 0.6287967, 49.46524, -0.0066981073, 0.964467, 0.99396884, 0.9879755, 0.9820193, 0.97610056, 0.97021866, -0.01967246, -0.017336123, 63, 
31, TermFrequencyWeight, 0.0, 1, 1, CosineDistance, 2, 0.39079645, 0.16252024, 0.22956954, 0.65113527, 0.38315433, 0.19803356, 0.61821795, 47.860962, -0.008536208, 0.98730963, 0.9942521, 0.98853964, 0.982862, 0.97721916, 0.97161067, -0.01938694, -0.018555757, 118, 
31, TermFrequencyWeight, 0.0, 1, 1, CosineDistance, 3, 0.3583853, 0.16075371, 0.22195122, 0.6331111, 0.40273392, 0.21490785, 0.63615495, 48.39572, -0.006332559, 0.97715735, 0.99438435, 0.98880255, 0.9832542, 0.9777392, 0.9722573, -0.019321661, -0.019043306, 72, 
31, TermFrequencyWeight, 0.0, 1, 2, CosineDistance, 1, 0.42727274, 0.17989106, 0.25318557, 0.6498764, 0.3801868, 0.21729383, 0.6170077, 50.26738, -0.007549969, 0.9593909, 0.9940567, 0.9881507, 0.9822814, 0.97644854, 0.9706522, -0.01929555, -0.017777836, 100, 
31, TermFrequencyWeight, 0.0, 1, 2, CosineDistance, 2, 0.31132397, 0.13396142, 0.18731989, 0.62097996, 0.42860648, 0.22043951, 0.62871164, 48.12834, -0.0069018607, 0.97969544, 0.9942524, 0.98854053, 0.98286384, 0.9772224, 0.9716156, -0.01897467, -0.019035762, 100, 
31, TermFrequencyWeight, 0.0, 1, 2, CosineDistance, 3, 0.35472858, 0.15295157, 0.21374202, 0.6151652, 0.39809045, 0.18236215, 0.6437115, 47.326202, -0.01411868, 0.97461927, 0.9940642, 0.9881658, 0.98230445, 0.97648, 0.97069216, -0.019024458, -0.018547408, 82, 
31, TermFrequencyWeight, 0.0, 2, 0, CosineDistance, 1, 0.49382335, 0.23538937, 0.31881168, 0.7051011, 0.39866868, 0.24012624, 0.6658231, 52.139038, -0.008387351, 0.9517766, 0.99457866, 0.98918855, 0.9838298, 0.9785023, 0.9732056, -0.018672174, -0.017160276, 72, 
31, TermFrequencyWeight, 0.0, 2, 0, CosineDistance, 2, 0.40049055, 0.16826144, 0.23696487, 0.6574978, 0.45293447, 0.25063074, 0.67554796, 50.802135, -0.006843543, 0.98730963, 0.9944629, 0.98895824, 0.9834862, 0.97804606, 0.972638, -0.018418396, -0.01776629, 82, 
31, TermFrequencyWeight, 0.0, 2, 0, CosineDistance, 3, 0.3962597, 0.16531724, 0.23330216, 0.63669896, 0.43565643, 0.24298342, 0.6588868, 49.197857, -0.014411942, 0.9822335, 0.9945701, 0.9891724, 0.9838067, 0.9784731, 0.97317106, -0.018254612, -0.01866968, 82, 
31, TermFrequencyWeight, 0.0, 2, 1, CosineDistance, 1, 0.41469115, 0.18283527, 0.25378013, 0.66295296, 0.38254178, 0.23654744, 0.63173276, 50.53476, -0.008520493, 0.964467, 0.99412596, 0.9882878, 0.9824854, 0.97671854, 0.9709868, -0.019005775, -0.01742452, 91, 
31, TermFrequencyWeight, 0.0, 2, 1, CosineDistance, 2, 0.38087192, 0.16590609, 0.23113208, 0.6600908, 0.41617954, 0.24435222, 0.60422564, 50.802135, -0.0121898595, 0.9543147, 0.9942742, 0.9885837, 0.9829279, 0.977307, 0.97172064, -0.018717105, -0.018045412, 90, 
31, TermFrequencyWeight, 0.0, 2, 1, CosineDistance, 3, 0.3770547, 0.16546445, 0.22999795, 0.63220245, 0.42595538, 0.22600517, 0.6302145, 50.26738, -0.008252893, 0.9670051, 0.9944161, 0.9888658, 0.9833485, 0.977864, 0.9724122, -0.01873489, -0.018642228, 64, 
31, TermFrequencyWeight, 0.0, 2, 2, CosineDistance, 1, 0.4201788, 0.19372883, 0.26518893, 0.6449057, 0.34904912, 0.22011662, 0.6051849, 48.663105, -0.008213804, 0.97208124, 0.9620694, 0.95643175, 0.950828, 0.9452586, 0.9397232, -0.01884607, -0.017062433, 72, 
31, TermFrequencyWeight, 0.0, 2, 2, CosineDistance, 2, 0.36433837, 0.15280436, 0.21530804, 0.623123, 0.38295946, 0.18097298, 0.62420505, 47.326202, -0.007309037, 0.9593909, 0.99406105, 0.9881593, 0.98229426, 0.9764659, 0.9706737, -0.018690305, -0.01781062, 136, 
31, TermFrequencyWeight, 0.0, 2, 2, CosineDistance, 3, 0.36610395, 0.16281466, 0.22539228, 0.622134, 0.38859904, 0.2171564, 0.6276363, 49.197857, -0.008076158, 0.97208124, 0.99413526, 0.9883072, 0.9825152, 0.97675914, 0.9710389, -0.018642606, -0.018304862, 100, 
31, TermFrequencyWeight, 0.25, 0, 0, CosineDistance, 1, 0.5139957, 0.24598852, 0.33273596, 0.73222196, 0.43166217, 0.21864893, 0.6591713, 52.941177, -0.010442621, 0.9670051, 0.9941508, 0.98833746, 0.9825597, 0.97681737, 0.9711103, -0.019543264, -0.017088661, 100, 
31, TermFrequencyWeight, 0.25, 0, 0, CosineDistance, 2, 0.4196065, 0.18209922, 0.25397804, 0.68586487, 0.4765861, 0.23535255, 0.67251146, 53.208553, -0.009966608, 0.96954316, 0.9945145, 0.98906165, 0.9836413, 0.9782536, 0.97289777, -0.019186147, -0.018465472, 72, 
31, TermFrequencyWeight, 0.25, 0, 0, CosineDistance, 3, 0.42280453, 0.17576918, 0.24831031, 0.652912, 0.46022454, 0.22613306, 0.65399677, 52.406418, -0.014455423, 0.97969544, 0.9945174, 0.989068, 0.9836519, 0.97826844, 0.9729178, -0.019071408, -0.019108318, 118, 
31, TermFrequencyWeight, 0.25, 0, 1, CosineDistance, 1, 0.5078255, 0.2244958, 0.31135157, 0.7221682, 0.34320635, 0.22645947, 0.58351135, 51.336895, -0.007024587, 0.9517766, 0.99400145, 0.98803973, 0.9821154, 0.9762275, 0.9703761, -0.019871667, -0.01769912, 73, 
31, TermFrequencyWeight, 0.25, 0, 1, CosineDistance, 2, 0.42138365, 0.1676726, 0.23989049, 0.6637208, 0.42359987, 0.21496284, 0.62985194, 50.802135, -0.008342617, 0.97969544, 0.9941749, 0.9883858, 0.98263234, 0.97691464, 0.9712326, -0.019749995, -0.018533835, 91, 
31, TermFrequencyWeight, 0.25, 0, 1, CosineDistance, 3, 0.38003385, 0.16531724, 0.23040625, 0.6575834, 0.41575792, 0.21478091, 0.63950324, 51.336895, -0.009059007, 0.99492383, 0.9940617, 0.988161, 0.9822978, 0.9764716, 0.97068244, -0.019564046, -0.018517312, 82, 
31, TermFrequencyWeight, 0.25, 0, 2, CosineDistance, 1, 0.42645162, 0.1946121, 0.2672597, 0.6552, 0.35870767, 0.2336932, 0.5899849, 49.73262, -0.007407272, 0.98730963, 0.96178436, 0.9558645, 0.94998235, 0.9441376, 0.9383299, -0.019408334, -0.017393291, 82, 
31, TermFrequencyWeight, 0.25, 0, 2, CosineDistance, 2, 0.38126972, 0.16001767, 0.22542512, 0.64123863, 0.43665355, 0.19422658, 0.64663815, 50.0, -0.007757952, 0.9822335, 0.994113, 0.98826283, 0.9824493, 0.9766718, 0.97093034, -0.01930895, -0.018347422, 72, 
31, TermFrequencyWeight, 0.25, 0, 2, CosineDistance, 3, 0.33322412, 0.14971294, 0.20660233, 0.6137201, 0.4146892, 0.16060145, 0.6131438, 48.663105, -0.008735832, 0.9923858, 0.99434227, 0.9887198, 0.9831326, 0.97758025, 0.9720625, -0.019068979, -0.019054092, 81, 
31, TermFrequencyWeight, 0.25, 1, 0, CosineDistance, 1, 0.5223833, 0.23877521, 0.327743, 0.72745305, 0.39435223, 0.2348312, 0.6287703, 52.139038, -0.009111996, 0.9670051, 0.99410045, 0.9882374, 0.98241067, 0.9766199, 0.9708651, -0.018951511, -0.016748516, 63, 
31, TermFrequencyWeight, 0.25, 1, 0, CosineDistance, 2, 0.41146976, 0.19328721, 0.26302084, 0.69066846, 0.46423885, 0.24958336, 0.6700276, 52.139038, -0.008854423, 0.964467, 0.99458545, 0.98920304, 0.98385257, 0.97853357, 0.97324604, -0.018523676, -0.017849395, 81, 
31, TermFrequencyWeight, 0.25, 1, 0, CosineDistance, 3, 0.41672522, 0.1745915, 0.24608362, 0.6680814, 0.43590987, 0.204117, 0.63724506, 50.53476, -0.006650143, 0.96192896, 0.99450374, 0.98904055, 0.9836109, 0.97821414, 0.97285014, -0.018538998, -0.018375192, 118, 
31, TermFrequencyWeight, 0.25, 1, 1, CosineDistance, 1, 0.45136923, 0.21109965, 0.28766298, 0.7007575, 0.40662593, 0.23625201, 0.6243785, 53.743317, -0.0044481517, 0.97969544, 0.9940113, 0.98805994, 0.9821456, 0.97626823, 0.97042733, -0.01928308, -0.017063443, 100, 
31, TermFrequencyWeight, 0.25, 1, 1, CosineDistance, 2, 0.41462523, 0.16693655, 0.23803525, 0.6519532, 0.39859313, 0.20848888, 0.64390314, 50.26738, -0.0092365565, 0.96954316, 0.99412555, 0.9882876, 0.9824862, 0.9767204, 0.97099066, -0.019131925, -0.018067155, 63, 
31, TermFrequencyWeight, 0.25, 1, 1, CosineDistance, 3, 0.40266573, 0.1689975, 0.23807546, 0.6833666, 0.39172515, 0.21680295, 0.6086666, 50.53476, -0.010091995, 0.96954316, 0.9942119, 0.9884601, 0.98274404, 0.9770635, 0.9714183, -0.019065391, -0.018187016, 63, 
31, TermFrequencyWeight, 0.25, 1, 2, CosineDistance, 1, 0.39486638, 0.16531724, 0.23306006, 0.62857616, 0.3989353, 0.19709544, 0.63878626, 48.930485, -0.008427507, 0.96954316, 0.9940277, 0.988093, 0.98219573, 0.97633576, 0.97051233, -0.01904417, -0.017389413, 100, 
31, TermFrequencyWeight, 0.25, 1, 2, CosineDistance, 2, 0.38026607, 0.15147947, 0.21665439, 0.62528193, 0.38798472, 0.20660825, 0.6324224, 49.197857, -0.0090525, 0.9390863, 0.9940473, 0.9881318, 0.98225313, 0.9764111, 0.97060513, -0.018837042, -0.017962059, 81, 
31, TermFrequencyWeight, 0.25, 1, 2, CosineDistance, 3, 0.34565863, 0.15412925, 0.21319488, 0.6135417, 0.41501027, 0.16159096, 0.627775, 48.39572, -0.0043543517, 0.97715735, 0.99423856, 0.98851246, 0.98282135, 0.9771652, 0.9715436, -0.01878739, -0.01853536, 99, 
31, TermFrequencyWeight, 0.25, 2, 0, CosineDistance, 1, 0.4969561, 0.22832328, 0.31289086, 0.71021163, 0.3895246, 0.21549381, 0.64334184, 51.60428, -0.008460367, 0.96954316, 0.9942196, 0.98847413, 0.9827633, 0.9770866, 0.97144437, -0.018267812, -0.016484983, 109, 
31, TermFrequencyWeight, 0.25, 2, 0, CosineDistance, 2, 0.43182614, 0.18136317, 0.25544265, 0.679927, 0.46238407, 0.2556769, 0.6612562, 53.47594, -0.008436731, 0.9822335, 0.9945009, 0.9890346, 0.9836008, 0.9781997, 0.97283036, -0.01803138, -0.017454633, 72, 
31, TermFrequencyWeight, 0.25, 2, 0, CosineDistance, 3, 0.38545325, 0.16148977, 0.22761698, 0.6400452, 0.4329237, 0.20822267, 0.63401645, 51.069523, -0.015373928, 0.97969544, 0.9944092, 0.98885274, 0.9833306, 0.9778423, 0.97238785, -0.017675871, -0.017841749, 109, 
31, TermFrequencyWeight, 0.25, 2, 1, CosineDistance, 1, 0.46065128, 0.19991167, 0.27882147, 0.6819187, 0.41384166, 0.2353331, 0.6613614, 53.743317, -0.006209325, 0.96954316, 0.99411345, 0.9882629, 0.98244846, 0.9766695, 0.9709261, -0.018789569, -0.017056892, 63, 
31, TermFrequencyWeight, 0.25, 2, 1, CosineDistance, 2, 0.40660113, 0.1704696, 0.24022405, 0.6668696, 0.42692265, 0.232998, 0.6453549, 51.87166, -0.0053687603, 0.97715735, 0.99416965, 0.98837495, 0.98261565, 0.9768914, 0.9712021, -0.018731626, -0.017267011, 91, 
31, TermFrequencyWeight, 0.25, 2, 1, CosineDistance, 3, 0.3629679, 0.15987046, 0.2219724, 0.6340975, 0.40471187, 0.21950056, 0.6317745, 49.197857, -0.011437304, 0.97461927, 0.99423087, 0.9884972, 0.9827993, 0.9771362, 0.9715082, -0.018468823, -0.018260203, 91, 
31, TermFrequencyWeight, 0.25, 2, 2, CosineDistance, 1, 0.38139376, 0.16355072, 0.22893058, 0.6304063, 0.40288022, 0.19707675, 0.6365724, 49.197857, -0.0071216263, 0.98477155, 0.99415165, 0.98833925, 0.9825626, 0.97682136, 0.97111523, -0.018481903, -0.017182967, 154, 
31, TermFrequencyWeight, 0.25, 2, 2, CosineDistance, 2, 0.3721591, 0.15427646, 0.21812885, 0.6320556, 0.40380365, 0.21081299, 0.6339325, 48.39572, -0.005460127, 0.9543147, 0.9942314, 0.9884974, 0.9827977, 0.9771323, 0.9715009, -0.018369015, -0.017795043, 90, 
31, TermFrequencyWeight, 0.25, 2, 2, CosineDistance, 3, 0.36113837, 0.16252024, 0.22416243, 0.6231217, 0.42267182, 0.15626757, 0.618446, 48.930485, -0.006088536, 0.9670051, 0.99433833, 0.98871094, 0.9831176, 0.97755796, 0.972032, -0.018369239, -0.018057311, 118, 
31, TermFrequencyWeight, 0.5, 0, 0, CosineDistance, 1, 0.45816025, 0.2272928, 0.30384728, 0.67332613, 0.42056307, 0.2517603, 0.66400975, 52.673794, -0.0064025195, 0.9137056, 0.9939612, 0.987961, 0.9819992, 0.97607553, 0.97018963, -0.019004155, -0.017241608, 118, 
31, TermFrequencyWeight, 0.5, 0, 0, CosineDistance, 2, 0.40047073, 0.17532754, 0.24388246, 0.6602958, 0.43712676, 0.20098723, 0.6486966, 50.53476, -0.010955851, 0.97208124, 0.99434775, 0.9887304, 0.98314774, 0.97759974, 0.972086, -0.018896656, -0.018306436, 63, 
31, TermFrequencyWeight, 0.5, 0, 0, CosineDistance, 3, 0.4031188, 0.17886059, 0.24778219, 0.653662, 0.44772705, 0.22446169, 0.64620656, 50.0, -0.009391805, 0.94162434, 0.9942345, 0.98850435, 0.98280996, 0.97715056, 0.9715262, -0.018797452, -0.01866519, 82, 
31, TermFrequencyWeight, 0.5, 0, 1, CosineDistance, 1, 0.47246557, 0.22228765, 0.30233258, 0.7063877, 0.39196596, 0.2282252, 0.6140321, 53.47594, -0.0069229314, 0.9670051, 0.994101, 0.9882387, 0.98241335, 0.97662467, 0.97087187, -0.019610122, -0.018139435, 99, 
31, TermFrequencyWeight, 0.5, 0, 1, CosineDistance, 2, 0.42350557, 0.1846018, 0.25712526, 0.6739854, 0.3975506, 0.21643373, 0.60952353, 50.26738, -0.0067134085, 0.97969544, 0.9622015, 0.9566951, 0.951223, 0.9457848, 0.94038033, -0.019563327, -0.018993933, 81, 
31, TermFrequencyWeight, 0.5, 0, 1, CosineDistance, 3, 0.36404696, 0.17797732, 0.23907456, 0.65369076, 0.40027893, 0.19079433, 0.6215757, 48.930485, -0.0125864325, 0.9467005, 0.9939573, 0.9879545, 0.9819915, 0.9760677, 0.970183, -0.019196915, -0.018476062, 118, 
31, TermFrequencyWeight, 0.5, 0, 2, CosineDistance, 1, 0.4318948, 0.18857647, 0.2625269, 0.65864646, 0.35921445, 0.21619286, 0.6307839, 49.46524, -0.0052804197, 0.96192896, 0.99376005, 0.9875604, 0.9814003, 0.9752803, 0.96919936, -0.019130858, -0.017326193, 72, 
31, TermFrequencyWeight, 0.5, 0, 2, CosineDistance, 2, 0.3813409, 0.15825114, 0.22367872, 0.6268175, 0.43587765, 0.22781855, 0.6690719, 50.26738, -0.00794431, 0.96192896, 0.9941123, 0.98826194, 0.9824486, 0.9766719, 0.97093153, -0.018971363, -0.018611263, 81, 
31, TermFrequencyWeight, 0.5, 0, 2, CosineDistance, 3, 0.38318738, 0.16104814, 0.22678275, 0.6155667, 0.41058162, 0.16334139, 0.62572837, 52.139038, -0.009855384, 0.97208124, 0.9940596, 0.98815775, 0.9822943, 0.9764688, 0.9706807, -0.018852632, -0.018656123, 108, 
31, TermFrequencyWeight, 0.5, 1, 0, CosineDistance, 1, 0.5018484, 0.23980568, 0.3245343, 0.71985126, 0.38798103, 0.2285794, 0.5991857, 53.208553, -0.0076629976, 0.97208124, 0.9940705, 0.98817825, 0.9823229, 0.97650415, 0.9707221, -0.018627891, -0.016878095, 92, 
31, TermFrequencyWeight, 0.5, 1, 0, CosineDistance, 2, 0.44721946, 0.19770353, 0.27419358, 0.6742114, 0.3985717, 0.2097647, 0.6183335, 50.53476, -0.008254523, 0.9492386, 0.9620699, 0.9564334, 0.9508316, 0.9452646, 0.93973213, -0.018515812, -0.017476575, 102, 
31, TermFrequencyWeight, 0.5, 1, 0, CosineDistance, 3, 0.38692638, 0.17253055, 0.23864794, 0.660184, 0.45623434, 0.24713014, 0.67162305, 52.406418, -0.009067181, 0.9670051, 0.99424505, 0.9885258, 0.9828423, 0.977194, 0.9715809, -0.018010369, -0.01829956, 64, 
31, TermFrequencyWeight, 0.5, 1, 1, CosineDistance, 1, 0.4897894, 0.22596791, 0.3092576, 0.69694763, 0.43234292, 0.23559839, 0.65390736, 52.673794, -0.007859652, 0.9543147, 0.9941122, 0.98826116, 0.9824468, 0.9766685, 0.9709262, -0.019100131, -0.017555712, 81, 
31, TermFrequencyWeight, 0.5, 1, 1, CosineDistance, 2, 0.40713573, 0.17974386, 0.24938725, 0.66969395, 0.41333574, 0.21721436, 0.61947614, 51.87166, -0.007324144, 0.97715735, 0.9622328, 0.95675784, 0.95131695, 0.94590974, 0.9405359, -0.018931342, -0.018652238, 63, 
31, TermFrequencyWeight, 0.5, 1, 1, CosineDistance, 3, 0.39058974, 0.17841896, 0.24494746, 0.6541615, 0.39009488, 0.20126887, 0.60165966, 50.802135, -0.009409701, 0.9670051, 0.9622076, 0.9567084, 0.9512438, 0.9458142, 0.94041896, -0.018683754, -0.018924713, 72, 
31, TermFrequencyWeight, 0.5, 1, 2, CosineDistance, 1, 0.4318792, 0.18945974, 0.26337868, 0.67499715, 0.40177894, 0.20955542, 0.6507211, 49.46524, -0.004873542, 0.9467005, 0.99374807, 0.9875369, 0.9813663, 0.9752356, 0.9691448, -0.018792689, -0.016903708, 82, 
31, TermFrequencyWeight, 0.5, 1, 2, CosineDistance, 2, 0.3467426, 0.14338289, 0.2028744, 0.6064376, 0.42967856, 0.20209408, 0.661163, 48.12834, -0.009565706, 0.964467, 0.99413645, 0.9883099, 0.9825204, 0.9767674, 0.9710509, -0.01843649, -0.018503385, 82, 
31, TermFrequencyWeight, 0.5, 1, 2, CosineDistance, 3, 0.34832174, 0.1619314, 0.22108331, 0.610209, 0.44658145, 0.20618437, 0.6657687, 47.593582, -0.008681162, 0.9517766, 0.9942744, 0.9885845, 0.98292994, 0.97731096, 0.97172683, -0.01843181, -0.018141557, 81, 
31, TermFrequencyWeight, 0.5, 2, 0, CosineDistance, 1, 0.50334, 0.22184601, 0.30795956, 0.71343714, 0.42793602, 0.23765555, 0.6541442, 54.278076, -0.007428772, 0.9517766, 0.9940436, 0.9881245, 0.98224247, 0.9763973, 0.9705883, -0.018034346, -0.016502572, 72, 
31, TermFrequencyWeight, 0.5, 2, 0, CosineDistance, 2, 0.4247728, 0.18577948, 0.2585006, 0.6420047, 0.4389561, 0.24275811, 0.65057206, 54.010696, -0.013610128, 0.96954316, 0.994316, 0.988667, 0.98305273, 0.9774734, 0.97192806, -0.017648932, -0.017306956, 72, 
31, TermFrequencyWeight, 0.5, 2, 0, CosineDistance, 3, 0.4171408, 0.17267776, 0.24424778, 0.64574426, 0.45947227, 0.22247507, 0.6590863, 51.069523, -0.012042506, 0.97208124, 0.9943723, 0.9887795, 0.9832213, 0.9776978, 0.9722082, -0.017570805, -0.017815983, 63, 
31, TermFrequencyWeight, 0.5, 2, 1, CosineDistance, 1, 0.50323, 0.22935374, 0.31509757, 0.70706785, 0.38631424, 0.22827622, 0.6326495, 54.278076, -0.008843201, 0.9492386, 0.99404246, 0.9881219, 0.98223895, 0.97639275, 0.9705833, -0.018624976, -0.01693108, 90, 
31, TermFrequencyWeight, 0.5, 2, 1, CosineDistance, 2, 0.41260234, 0.1706168, 0.24140802, 0.64900565, 0.41933483, 0.2242347, 0.65204084, 51.60428, -0.008670794, 0.9822335, 0.99428713, 0.9886097, 0.9829678, 0.97736084, 0.97178876, -0.018471546, -0.01793397, 81, 
31, TermFrequencyWeight, 0.5, 2, 1, CosineDistance, 3, 0.40188977, 0.18784042, 0.25601926, 0.669138, 0.432232, 0.20393424, 0.6305347, 52.139038, -0.008802496, 0.96192896, 0.9942858, 0.9886074, 0.98296446, 0.977357, 0.97178453, -0.018344391, -0.017915592, 99, 
31, TermFrequencyWeight, 0.5, 2, 2, CosineDistance, 1, 0.43991855, 0.19078463, 0.2661464, 0.67287827, 0.3741816, 0.20405883, 0.6186651, 50.802135, -0.006821632, 0.9517766, 0.9938963, 0.98783094, 0.98180413, 0.9758155, 0.96986437, -0.01832768, -0.0168866, 82, 
31, TermFrequencyWeight, 0.5, 2, 2, CosineDistance, 2, 0.3836045, 0.1804799, 0.24547002, 0.66778094, 0.41783074, 0.17248935, 0.64091074, 49.46524, -0.0060305535, 0.9593909, 0.994175, 0.98838645, 0.9826339, 0.9769173, 0.97123635, -0.018211773, -0.017364666, 155, 
31, TermFrequencyWeight, 0.5, 2, 2, CosineDistance, 3, 0.36723164, 0.16266745, 0.22546418, 0.61947334, 0.4343531, 0.1918784, 0.6603146, 47.860962, -0.005988047, 0.9492386, 0.99421376, 0.98846376, 0.98274976, 0.9770714, 0.97142875, -0.018150613, -0.01753326, 94, 
